id,full_name,registered_date,airport_name
1,Bear Scrigmour,12/25/2017,Fredericton Airport
2,Sofie Spohrmann,8/29/2012,Rustaq Airport
3,Mikol Stott,12/20/2018,Springfield Branson National Airport
4,Fitz Openshaw,11/23/2016,German Olano Airport
5,Maryjane Kleynermans,8/20/2023,York Airport
6,Agretha O'Reagan,6/6/2015,Sawan Airport
7,Lucina Gratrix,12/26/2011,Geraldton Greenstone Regional Airport
8,Viviana Scase,1/7/2020,Batom Airport
9,Bax Adshad,10/4/2010,Port Menier Airport
10,Lilith Baxster,7/5/2007,Kimberley Downs Airport
11,Cristy Auston,5/2/2006,La Rochelle-Île de Ré Airport
12,Rhea Veighey,7/24/2005,Kampot Airport
13,Woody Hryncewicz,8/2/2014,New River Valley Airport
14,Garvy Scotti,8/20/2010,Fagali'i Airport
15,Cammy Balch,10/18/2019,Nadunumu Airport
16,Rosaleen McPhater,1/17/2017,Alroy Downs Airport
17,Cosimo Finders,3/20/2012,Spirit Lake Municipal Airport
18,Brita Pescott,5/24/2022,Gandajika Airport
19,Leroi Buxey,4/25/2013,Palestine Municipal Airport
20,Adolphe Scargle,4/19/2021,Eniwetok Airport
21,Myrle Wainscot,6/28/2011,Juba International Airport
22,Elie Scolland,7/13/2013,Strathmore Airport
23,Tim Monelle,10/17/2009,Mariupol International Airport
24,Jyoti Jefferys,11/3/2005,Smith Field
25,Estelle Brosch,4/10/2016,San Fernando Airport
26,Pryce Weatherby,4/16/2015,Monteagudo Airport
27,Maddie Matyukon,12/11/2009,Héroes De Malvinas Airport
28,Barron Douglass,7/14/2013,Clifton Hills Airport
29,Ogdon Yokel,8/26/2014,Aden International Airport
30,Rheta Birch,3/7/2013,"Foggia ""Gino Lisa"" Airport"
31,Nikolia Calcutt,11/5/2008,Honiara International Airport
32,Isis Caseborne,2/20/2022,Sheridan County Airport
33,Lamar Oleszkiewicz,7/16/2012,Mihail Kogălniceanu International Airport
34,Deny Bish,2/26/2023,Arathusa Safari Lodge Airport
35,Salomon Banishevitz,10/6/2016,Nikolai Airport
36,Corbie Crotty,1/16/2015,Kokoda Airport
37,Florri Kirsche,2/2/2013,Mandinga Airport
38,Jeanette Dell,8/22/2008,Morro do Chapéu Airport
39,Cassi Lindl,4/3/2012,Andersen Air Force Base
40,Ramon Briddle,10/2/2019,Klawock Airport
41,Rena Joncic,4/5/2006,Latrobe Valley Airport
42,Andonis Leeder,2/17/2009,Kirkuk Air Base
43,Alison Biernacki,8/25/2017,Kulusuk Airport
44,Rafa Beelby,9/29/2020,Tokat Airport
45,Grace Petrovykh,1/8/2011,Cochrane Airport
46,Meryl Vasic,4/22/2014,Pelican Seaplane Base
47,Merci Stitcher,12/6/2015,Vipingo Estate Airport
48,Hermine Dulake,8/12/2020,Mudanjiang Hailang International Airport
49,Beverley Najera,9/28/2012,San Felipe International Airport
50,Manon Pattrick,11/6/2015,Whale Pass Seaplane Float Harbor Facility
51,Dorothee Werndley,12/11/2016,Big Spring Mc Mahon-Wrinkle Airport
52,Alethea Biddleston,4/16/2020,Baglung Airport
53,Gale Sargint,10/7/2021,Mahlon Sweet Field
54,Brady Pahl,4/25/2015,Bugulma Airport
55,Nora Borel,6/18/2023,Shimojishima Airport
56,Dino Stonham,8/8/2017,Waldronaire Airport
57,Lucio Cotgrave,10/22/2005,Malé International Airport
58,Deerdre Credland,4/3/2013,San Luis De Palenque Airport
59,Gaspar Jennens,7/25/2015,Fairfield Municipal Airport
60,Billi Swetland,4/5/2006,Nashville International Airport
61,Dion Halms,10/2/2006,Pampa Guanaco Airport
62,Care O'Hederscoll,9/1/2022,Nushki Airport
63,Cory Poley,12/31/2005,Cliff Hatfield Memorial Airport
64,Chaim Grouse,2/16/2020,Debrecen International Airport
65,Lacy Hawse,12/18/2007,Mururoa Atoll Airport
66,Hastings Howison,12/30/2014,El Centro NAF Airport (Vraciu Field)
67,Granger Sever,10/25/2005,Cache Creek-Ashcroft Regional Airport
68,Lura Latch,7/21/2014,Atyrau Airport
69,Mendy Lynock,10/11/2005,Tres Arroyos Airport
70,Jacintha Birtonshaw,9/6/2006,Yalata Mission Airport
71,Arlene Bradlaugh,3/6/2005,Edward G. Pitka Sr Airport
72,Adela Hasnney,2/13/2022,Ngurah Rai (Bali) International Airport
73,Kristoforo Barca,8/26/2010,Mosquera Airport
74,Lynnell Stiffkins,6/8/2009,Lee C Fine Memorial Airport
75,Conant Skipton,6/5/2016,Langebaanweg Airport
76,Brittan Tregunnah,5/19/2009,Sadah Airport
77,Winfred Hover,6/8/2022,Almirante Marco Andres Zar Airport
78,Fielding Kobiera,7/24/2006,Quzhou Airport
79,Geri Vearncombe,7/20/2010,Kangirsuk Airport
80,Jill Jones,10/23/2007,Jerry Tyler Memorial Airport
81,Nessa Joinson,10/26/2021,Grumman Bethpage Airport
82,Meta Tarling,11/8/2007,Heidelberg Army Helicopter Base
83,Laney Stollenbeck,11/1/2015,Albany Airport
84,Raddie Charlton,4/17/2007,Gander International Airport
85,Cesaro Sawday,7/9/2011,Casa De Campo International Airport
86,Matti Stammirs,9/30/2022,Defiance Memorial Airport
87,Binny Eastgate,6/26/2018,Laiagam Airport
88,Cecilius Attreed,4/12/2005,Pardoo Airport
89,Leena Habbergham,7/23/2010,Orūzgān Airport
90,Dominik Whaplington,4/10/2007,Slayton Municipal Airport
91,Gilli O'Dowd,1/30/2010,Lagunillas Airport
92,Constantine Exell,7/6/2011,Seldovia Airport
93,Creight Dymoke,6/12/2020,Gettysburg Regional Airport
94,Noble Gooder,9/10/2008,Kahramanmaraş Airport
95,Konstantin O'Towey,4/30/2015,Alfredo Vásquez Cobo International Airport
96,Joby Southard,2/12/2012,Monterrey Airport
97,Latrina Vossing,6/6/2022,Kuressaare Airport
98,Janeen Korneichuk,7/23/2019,Kotabangun Airport
99,Joellen Guiducci,7/5/2009,Beatty Airport
100,Thorpe Dewing,11/30/2008,Gimli Industrial Park Airport
101,Romola Blood,1/6/2015,Maliana airport
102,Cassi Faltin,3/19/2021,Maquehue Airport
103,Torey Chilcotte,5/23/2014,Andamooka Airport
104,Jamey Clamo,3/12/2008,Alberto Lleras Camargo Airport
105,Dorelia Bendall,7/31/2021,Willow Airport
106,Louisette Armit,1/20/2010,Punta Colorada Airport
107,Damian Mathevet,2/12/2023,Gilgal Airport
108,Xerxes Abramin,4/15/2019,Esperadinha Airport
109,Berry Ewence,11/5/2011,Barimunya Airport
110,Colly Hufton,1/25/2018,Idaho County Airport
111,Gerick Blaiklock,9/16/2011,El Nouzha Airport
112,Farly Kentwell,8/25/2008,Shelby Airport
113,Skye Sleath,12/5/2005,Shaheed Benazirabad Airport
114,Jewelle MacAiline,5/12/2023,Kwailabesi Airport
115,Lillis Halwill,12/12/2021,Beverley Springs Airport
116,Barbette Kording,2/8/2023,Albany International Airport
117,Vitia Bolwell,2/19/2018,Örebro Airport
118,Aeriell Jackes,5/28/2008,Hakodate Airport
119,Colver Inkpen,3/11/2019,Nikunau Airport
120,Camala Gulleford,12/10/2010,Ambler Airport
121,Myrtia Holston,1/12/2018,Juan De Ayolas Airport
122,Tailor Webburn,12/18/2008,Francisco Vilela do Amaral Airport
123,Alick Shivell,9/25/2020,Southeast Texas Regional Airport
124,Meggi Targe,5/23/2014,Oksapmin Airport
125,Seana Pratchett,5/29/2014,Wanxian Airport
126,Lilla Kimmitt,2/5/2010,Lyons-Rice County Municipal Airport
127,Joanna O'Meara,10/3/2023,Bengbu Airport
128,Shanta Ripper,6/9/2020,Mwadui Airport
129,Anitra Gemnett,2/9/2007,Wuvulu Island Airport
130,Floria Fawdrey,1/2/2019,Rangiroa Airport
131,Isabelita Williscroft,12/2/2020,Kemi-Tornio Airport
132,Roddie Milburn,5/12/2007,Lampedusa Airport
133,Chadwick Tapsfield,9/15/2020,University Oxford Airport
134,Ronny Dugue,9/19/2019,Formiga Airport
135,Erskine Chappelle,6/22/2009,George Airport
136,Itch Illes,10/31/2007,Dalnegorsk Airport
137,Eden Brussell,12/11/2009,Southern Seaplane Airport
138,Wilbert Edmett,8/9/2020,Toowoomba Airport
139,Percival Linton,12/11/2017,Embessa Airport
140,Neda Zelake,5/26/2012,Achutupo Airport
141,Pete Bortolussi,7/22/2010,Auxiliary Airfield
142,Jordon Rounding,1/23/2005,Poznań-Ławica Airport
143,Riane Bohl,10/29/2017,Pula Airport
144,Jacquette Bernardet,1/12/2006,Creston Valley Regional Airport - Art Sutcliffe Field
145,Celka Hindenburg,1/12/2009,Regina International Airport
146,Chickie Fayne,12/13/2009,Eva Downs Airport
147,Fredek Favill,6/12/2006,Pitts Town Airport
148,Elisabeth Headland,1/8/2012,Termal Airport
149,Jillana Darch,10/11/2007,Aurora Municipal Airport
150,Brandea Fowle,5/17/2007,Matari Airport
151,Edeline Eastop,1/28/2012,Dallas Love Field
152,Stefanie Aitcheson,8/6/2022,Van Ferit Melen Airport
153,Charline Menichillo,3/27/2014,Alerta Airport
154,Lutero D'Aguanno,8/13/2019,Barrow Island Airport
155,Evelyn Thody,9/29/2016,Kaduna Airport
156,Joella Aronowitz,4/22/2009,Rockhampton Downs Airport
157,Aida Whitely,11/27/2015,Flughafen München-Riem
158,Joelie Simondson,12/11/2008,Dr. Luis Maria Argaña International Airport
159,Denney Gooley,1/11/2022,Böblingen Flugfeld
160,Maggee Goodchild,4/9/2006,Alto Molocue Airport
161,Konstanze Storrah,3/14/2015,Teniente FAP Jaime A De Montreuil Morales Airport
162,Deny Castiblanco,11/5/2006,Madera Municipal Airport
163,Gratiana Snozzwell,5/30/2016,Am Timan Airport
164,Koralle Mantrip,7/2/2013,Governor's Harbour Airport
165,Carry Scamwell,6/8/2023,Hermanos Serdán International Airport
166,Ezechiel Pidgen,4/13/2012,Coari Airport
167,Raimundo Saltwell,9/14/2005,Bosaso Airport
168,Cinda Bosche,6/26/2014,Car Nicobar Air Force Station
169,Bettina Breache,2/2/2011,Puerto Paez Airport
170,Buiron Cariss,6/28/2021,Morichal Airport
171,Cornelius Wind,10/4/2016,Ilebo Airport
172,Addia Eicheler,3/24/2011,Cold Bay Airport
173,Alana Harvie,1/21/2021,Taiping Airport
174,Dorine Southernwood,9/16/2013,Buffalo Spring
175,Siouxie Laverack,4/26/2011,Quirindi Airport
176,Georgine McIlmorow,6/8/2008,Tinson Pen Airport
177,Madison Schruyers,4/23/2015,Kenema Airport
178,Calli Duckham,4/3/2005,El Porvenir Airport
179,Donielle Algar,1/15/2005,Hjaltabakki Airport
180,Cazzie Hecks,4/29/2010,Conroe-North Houston Regional Airport
181,Dannye Abotson,2/29/2008,Calabozo Airport
182,Alicia Neubigging,5/8/2015,Inishmaan Aerodrome
183,Evelin Bradforth,10/24/2021,Enterprise Municipal Airport
184,Aldrich Stebbin,2/14/2021,Bamiyan Airport
185,Amandi Lundy,6/8/2018,Takapoto Airport
186,Regen Darley,2/17/2006,Emmonak Airport
187,Row Dadson,10/16/2012,Montague-Yreka Rohrer Field
188,Steffen Wynrehame,2/27/2022,Fukuoka Airport
189,Codie Beacham,5/30/2006,Tumbang Samba Airport
190,Langston Maylam,2/17/2015,Greater Kankakee Airport
191,Dianne McComb,4/17/2011,Dimokritos Airport
192,Rossy Narey,12/26/2019,Feramin Airport
193,Thia Maddie,5/3/2023,Cholet Le Pontreau Airport
194,Arnaldo Swede,10/11/2011,Hillside Airport
195,Gil Naismith,1/24/2017,Kaukura Airport
196,Elmore Dockrill,8/22/2015,Scarlett Martinez International Airport
197,Nancey Sprague,7/3/2012,Nadi International Airport
198,Darrel Costar,10/16/2005,Rabah Bitat Airport
199,Xymenes Shurmer,5/24/2010,Am Timan Airport
200,Karlyn Ruseworth,4/18/2015,Troy Municipal Airport at N Kenneth Campbell Field
201,Ammamaria Byway,6/17/2008,Băneasa International Airport
202,Johnnie Spratt,4/4/2008,Sørkjosen Airport
203,Filmer Swanger,5/22/2009,Austin Municipal Airport
204,Byron Slowey,11/30/2013,Sussex County Airport
205,Geri Turbill,2/19/2010,Cuyo Airport
206,Kathryn Robert,1/25/2020,Bezmer Air Base
207,Grazia Milward,1/30/2009,Kauhava Airport
208,Junie Gowen,1/4/2019,Katiola Airport
209,Stormie Maciaszek,7/13/2012,China Bay Airport
210,Jaime Topliss,2/29/2008,Arso Airport
211,Jenna Kristoffersson,5/25/2016,Quion Hill Airport
212,Hoebart Swaton,4/4/2008,Mfuwe Airport
213,Lemmie Verrell,7/16/2007,Port Protection Seaplane Base
214,Raphael Jarritt,7/11/2022,Negele Airport
215,Anna-maria Gillean,7/10/2005,Birmingham-Shuttlesworth International Airport
216,Andreas Yanez,2/1/2023,Yecheon Airbase
217,Adan Willden,9/28/2007,Sydney Bankstown Airport
218,Tessie Ganny,4/14/2010,St Aubin Airport
219,Ruperta Girvan,5/24/2008,Port Bouet Airport
220,Dot Oakenfall,3/2/2007,Mueo Airport
221,Godiva Kennaway,10/5/2019,St Clair County Airport
222,Stefa Abells,10/21/2010,Rubelsanto Airport
223,Lillis Rosso,9/22/2013,Khost Airport
224,Bianka MacKellar,6/12/2013,Deception Airport
225,Frieda Goldstone,1/14/2018,Nelspruit Airport
226,Diahann Grahamslaw,9/15/2018,Sharjah International Airport
227,Ardelle Killingback,6/21/2019,La Florida Airport
228,Astra McCully,3/25/2015,Pimenta Bueno Airport
229,Almeria Cassels,8/5/2015,Ocala International Airport - Jim Taylor Field
230,Rosita Brushneen,3/31/2017,Vandenberg Air Force Base
231,Emanuel Stredwick,6/15/2015,Iwami Airport
232,Violetta Quarrell,2/6/2012,Amboseli Airport
233,Doria Mattin,1/12/2006,Wangaratta Airport
234,Hartley Cratchley,10/10/2023,Erave Airport
235,Elvera Gerkens,3/23/2008,Nukutepipi Airport
236,Blondelle Maggs,11/10/2022,Fort Resolution Airport
237,Howie Ovize,3/10/2016,Kelsey Airport
238,Wheeler Montel,8/12/2008,Tinak Airport
239,Kristofor Shapero,10/9/2016,Moomba Airport
240,Nicolina Jodlkowski,3/21/2011,Ísafjörður Airport
241,Lloyd Arr,1/1/2023,Rampart Airport
242,Alfy McAulay,5/28/2013,Baker City Municipal Airport
243,Bendix Titcom,10/13/2012,Shillong Airport
244,Vanya McCollum,2/10/2020,Ioannis Kapodistrias International Airport
245,Molly Dirand,5/3/2009,Ellison Onizuka Kona International At Keahole Airport
246,Vannie Alesbrook,10/20/2005,Blackbushe Airport
247,Evanne Gumbrell,10/8/2009,Zona da Mata Regional Airport
248,Borg Blackleech,6/22/2023,Herrera Airport
249,Coreen Flux,5/27/2011,Djanet Inedbirene Airport
250,Michaeline Ricciardi,10/25/2016,Palmar Sur Airport
251,Adrian Brimmacombe,6/30/2009,Vishakhapatnam Airport
252,Horace Shildrake,1/25/2011,Green River Airport
253,Lance Han,3/28/2008,Manihi Airport
254,Wyndham Gillman,4/18/2011,Al-Bough Airport
255,Kellen Cheyney,6/10/2023,Invercargill Airport
256,Emlyn Pietroni,4/1/2017,Catalina Airport
257,Kaila Rudsdale,2/5/2008,Poprad-Tatry Airport
258,Marillin McCaskill,6/6/2010,Rawlins Municipal Airport/Harvey Field
259,Luce O'Hdirscoll,4/20/2014,Delta Municipal Airport
260,Roddy Dollman,4/15/2017,Toussaint Louverture International Airport
261,Jerad Lippiello,8/28/2015,Waterfall Seaplane Base
262,Jerome Siddall,2/19/2018,Tucupita Airport
263,Rob Hubbock,1/2/2020,Robert (Bob) Curtis Memorial Airport
264,Carlee Zecchinelli,5/25/2011,Mount Keith Airport
265,Stephannie Easter,7/31/2022,Florence Regional Airport
266,Hildegarde Goddman,3/28/2014,Coeur D'Alene - Pappy Boyington Field
267,Yank Whatley,7/2/2007,Nephi Municipal Airport
268,Garnet Plewright,12/5/2016,Ostrava Leos Janáček Airport
269,Barn Ambroz,9/23/2011,Pattaya Airpark
270,Amii Bannister,3/6/2018,Sharurah Airport
271,Evvie Cavie,6/4/2012,Drift River Airport
272,Jobey Rosten,8/8/2021,Bunsil Airport
273,Anatollo Pabst,2/17/2007,Asau Airport
274,Maribelle Linthead,8/7/2021,Park Rapids Municipal Konshok Field
275,Saxe Spens,12/25/2008,Kōchi Ryōma Airport
276,Cary De Morena,8/30/2022,Minvoul Airport
277,Franny Langstrath,4/13/2014,Kebar Airport
278,Oby Abbot,10/23/2018,Banff Airport
279,Edy Monnery,2/25/2013,Birmingham-Shuttlesworth International Airport
280,Emlynn Addionizio,12/10/2016,Ain Arnat Airport
281,Isa Whaites,2/14/2013,Biggs Army Air Field (Fort Bliss)
282,Aubrey Mulryan,2/4/2022,Santa Rosa de Copán Airport
283,Karon Elt,9/1/2006,Oued Irara Airport
284,Jilly Redmayne,12/27/2005,Departi Parbo Airport
285,Eddy Redmille,5/30/2012,Kagi Airport
286,Doy Olenchenko,7/28/2014,Tacheng Airport
287,Addy Wilson,7/25/2018,Fderik Airport
288,Jobyna Joicey,6/18/2012,Vancouver International Airport
289,Chryste Matysiak,12/10/2015,Adelaide International Airport
290,Caspar Garnall,5/29/2016,Mareeba Airport
291,Elroy Hazelhurst,12/6/2016,Jack Northrop Field Hawthorne Municipal Airport
292,Sharl Teather,9/15/2023,Palmarito Airport
293,Vaughn Dron,10/16/2010,Park Falls Municipal Airport
294,Mechelle Osinin,10/6/2016,Axum Airport
295,Carmine Churchyard,10/12/2014,Estherville Municipal Airport
296,Moss Ivell,8/16/2018,Aurangabad Airport
297,Ashlen Musso,3/11/2014,Flamingo International Airport
298,Adelheid Tutton,12/13/2022,Cakung Airport
299,Vanda Nichol,7/8/2009,"Taranto-Grottaglie ""Marcello Arlotta"" Airport"
300,Krista Plomer,7/11/2006,Chimoio Airport
301,Niccolo Farn,11/3/2010,Butts AAF (Fort Carson) Air Field
302,Renaud Letty,1/26/2009,Martinique Aimé Césaire International Airport
303,Royal Blandford,12/18/2012,Kashechewan Airport
304,Rozanne Heasman,9/25/2009,Fort Bridger Airport
305,Lou Bygott,6/30/2008,Gogebic Iron County Airport
306,Lisle Beaver,12/4/2010,Okoyo Airport
307,Nonna Graser,1/24/2014,Ioannis Kapodistrias International Airport
308,Oralle Musla,12/24/2013,Coral Harbour Airport
309,Rancell Bazely,12/11/2020,Taplejung Airport
310,Miranda Ivanshintsev,1/17/2009,Ust-Ilimsk Airport
311,Isadore Peile,6/2/2011,Wellington International Airport
312,Trudi Bruckman,7/22/2008,Berlin Brandenburg Airport (U.C.)
313,Winni Bartolommeo,2/21/2015,Khartoum International Airport
314,Kailey Kingcote,9/24/2019,Yinchuan Hedong International Airport
315,Kimball Midford,9/16/2017,Nomane Airport
316,Ardra Lorne,7/17/2014,Cauayan Airport
317,Odetta Gemmell,1/1/2017,Ísafjörður Airport
318,Carmel Vanns,2/21/2009,Birmingham International Airport
319,Albrecht Shreeves,7/1/2014,Vincent Fayks Airport
320,Misti Gorbell,12/23/2009,Doini Airport
321,Dunn L'argent,8/7/2009,Inukjuak Airport
322,Dewie Hansley,3/26/2013,Provincetown Municipal Airport
323,Ringo Coverley,8/19/2016,Quartz Hill Airport
324,Filippa Lillie,12/14/2005,St Paul Downtown Holman Field
325,Sam Bolley,6/24/2009,Al-Jawf Domestic Airport
326,Jose Frankis,3/8/2015,Rainbow Lake Airport
327,Albert Tremeer,7/16/2023,Watertown International Airport
328,Tildy Kirsopp,3/1/2005,Capitan Fuentes Martinez Airport Airport
329,Miller Casaro,11/5/2018,Rajahmundry Airport
330,Harley Waterdrinker,3/20/2023,Browns Airport
331,Candi Pruvost,8/27/2014,Calverton Executive Airpark
332,Calv Chable,2/15/2022,Apalapsili Airport
333,Tawsha Pegden,5/17/2013,Wake Island Airfield
334,Randene Deavin,7/13/2016,Galesburg Municipal Airport
335,Krystal Perchard,3/28/2011,Tri-Cities Regional TN/VA Airport
336,Nate Alsobrook,3/31/2011,Yelizovo Airport
337,Quinton Fieller,2/20/2007,Presidente Castro Pinto International Airport
338,Angie Collingham,8/5/2017,Jackpot Airport/Hayden Field
339,Samantha Mousby,10/18/2011,Tiom Airport
340,Nickolas Bruhnsen,10/3/2014,Bursa Airport
341,Rory Young,9/9/2015,Carnot Airport
342,Peria Paynes,9/21/2010,RAF Kinloss
343,Norine Brunel,9/17/2008,Bouaké Airport
344,Grenville Bilby,1/11/2021,Sanggata/Sangkimah Airport
345,Anthony Ybarra,5/21/2015,Krainiy Airport
346,Ameline Feake,5/23/2005,Prince Mohammad Bin Abdulaziz Airport
347,Erin Lowmass,8/22/2005,Springvale Airport
348,Beverie Bodd,8/9/2011,San Luis De Palenque Airport
349,Tansy Weigh,3/12/2009,Eareckson Air Station
350,Armand De Biasi,11/28/2022,Licenciado Adolfo Lopez Mateos International Airport
351,Binni Slucock,12/17/2016,Croker Island Airport
352,Shandra Hicks,11/13/2013,Kamulai Airport
353,Land Shearer,7/29/2018,Aerotortuguero Airport
354,Lonnard Bolstridge,12/19/2019,Besakoa Airport
355,Merell Kilsby,7/23/2008,Alpena County Regional Airport
356,Robinet Baile,10/10/2015,San Antonio Copalar Airport
357,Kylynn Buxy,1/10/2015,Turkmenbashi Airport
358,Sheilakathryn Stean,12/14/2013,Victoria International Airport
359,Berta Fosken,10/10/2008,Mitchell Plateau Airport
360,Kile Revelle,4/13/2018,Joensuu Airport
361,Jeniece Szymaniak,9/28/2017,Kärdla Airport
362,Myron Tunkin,11/3/2006,Ponta Pelada Airport
363,Hillery Sposito,7/23/2005,Exmouth Airport
364,Xever Barhems,4/14/2017,Aswan International Airport
365,Wolfy Tremollet,12/10/2010,Hillside Airport
366,Cheryl Hellings,11/9/2017,Nîmes-Arles-Camargue Airport
367,Ursala de Vaen,2/26/2011,Goulimime Airport
368,Augusta Farryn,11/3/2015,Alejandro Velasco Astete International Airport
369,Heida Harnwell,1/4/2021,Inyati Airport
370,Lyell Gonnelly,4/7/2006,Harrell Field
371,Brnaba Lemoir,7/19/2019,Arnold Air Force Base
372,Rhoda Durrad,8/28/2023,Jorhat Airport
373,Salvador Reynish,1/14/2011,Bursa Yenişehir Airport
374,Carleen Rivallant,7/20/2016,Big Spring Mc Mahon-Wrinkle Airport
375,Yorgos Flahy,7/9/2018,Huacaraje Airport
376,Ethyl Bottrill,9/5/2022,Challis Airport
377,Vanny Lattimore,4/24/2010,Rio Galeão – Tom Jobim International Airport
378,Lovell Lappin,10/29/2005,Mobile Regional Airport
379,Moria O'Sirin,8/23/2020,Yining Airport
380,Starr Birtwell,7/29/2011,Oradea International Airport
381,Maudie Wittleton,3/19/2022,Kalimarau Airport
382,Johnathan Carrigan,8/2/2017,Guemar Airport
383,Nari Bendson,11/5/2022,Grajaú Airport
384,Westley Rampage,11/16/2016,St Catherine International Airport
385,Norean Wagner,10/18/2006,Multan International Airport
386,Godart McQuie,6/1/2013,General Wayne A. Downing Peoria International Airport
387,Julina Hardacre,10/28/2006,Malmö Sturup Airport
388,Max Barks,10/6/2017,Tamuin Airport
389,Elset Powney,12/1/2016,Seronera Airport
390,Barbara Arnaldy,8/23/2007,City of Colorado Springs Municipal Airport
391,Chere Domini,1/4/2011,Surkhet Airport
392,Jewelle Gadeaux,9/6/2007,Belgorod International Airport
393,Agretha Schaben,10/7/2018,Forlì Airport
394,Lorna Mullaly,6/9/2012,Sable Island Landing Strip
395,Alikee Plane,3/6/2015,Southwest Michigan Regional Airport
396,Carmel Arnauduc,4/18/2013,Xavantina Airport
397,Agretha Garbott,10/17/2017,"Rørvik Airport, Ryum"
398,Maurice Pimmocke,11/17/2016,Flores Airport
399,Austine Ropert,1/14/2015,Capurganá Airport
400,Terrance Stapleford,4/25/2005,Pupelde Airport
401,Welch Binford,12/23/2022,Gardez Airport
402,Cully Matussow,8/19/2005,Webequie Airport
403,Van Clinton,2/13/2005,Oodnadatta Airport
404,Lancelot Marcum,12/13/2013,Sebba Airport
405,Marielle Brownsea,6/20/2018,Springvale Airport
406,Glenine Lumm,7/1/2005,Wamena Airport
407,Dwayne Claus,6/18/2020,Ziguinchor Airport
408,Peg Hoyte,1/18/2011,Sept-Îles Airport
409,Alfy Kaye,3/27/2020,Enterprise Municipal Airport
410,Si Linfield,3/17/2019,Belluno Airport
411,Jessalyn Gounin,11/21/2011,Orange County Airport
412,Maggie Wellan,2/6/2010,Lecce Galatina Air Base
413,Tommie Choake,10/1/2014,Poplar Hill Airport
414,Idette di Rocca,8/15/2008,Manokotak Airport
415,Rebekah Tudge,7/10/2011,Lashio Airport
416,Tracy Stubbe,3/3/2009,Yinchuan Hedong International Airport
417,Xavier Molfino,12/11/2005,Tte. Julio Gallardo Airport
418,Garrek Temlett,3/19/2013,Nikunau Airport
419,Regen Grzes,8/27/2008,Santos Dumont Airport
420,Ashia Singleton,2/28/2018,Pitts Town Airport
421,Alfie Lidington,12/12/2013,Djambala Airport
422,Vida Gullick,6/13/2022,Enejit Airport
423,Benetta Rummings,5/19/2016,Idaho County Airport
424,Ranee Barrett,5/29/2007,Nukus Airport
425,Esteban Houldey,8/29/2021,Batumi International Airport
426,Paulita Stollhofer,2/14/2010,Pindiu Airport
427,Cherise Arundell,9/15/2013,Mariupol International Airport
428,Jean Rogier,9/17/2006,Finke Airport
429,Annaliese Janu,10/20/2023,Daly Waters Airport
430,Tasha Pavlik,9/4/2009,Sleetmute Airport
431,Vinita Coburn,11/20/2021,Calverton Executive Airpark
432,Candide Rosedale,4/22/2009,Bamiyan Airport
433,Arnuad McGoldrick,6/19/2006,Roundup Airport
434,Rica O'Connel,4/8/2008,Ghanzi Airport
435,Biddy Divina,6/27/2009,Friday Harbor Airport
436,Rosella Florentine,8/31/2014,Metz-Frescaty (BA 128) Air Base
437,Ash Talkington,1/20/2012,London Stansted Airport
438,Cassius Rowbotham,7/14/2014,Pomala Airport
439,Marcello Sare,12/27/2013,Amsterdam Airport Schiphol
440,Hodge De Ambrosis,1/31/2019,Dr Augusto Roberto Fuster International Airport
441,Crista Happer,8/28/2018,Terapo Airport
442,Vally O'Dowling,1/26/2020,Bensbach Airport
443,Demeter Amiable,2/3/2022,Zhoushan Airport
444,Bat Hayzer,4/1/2023,Es Senia Airport
445,Anjanette Ravelus,5/21/2023,Jeh Airport
446,Emile Ivins,2/22/2010,Brainerd Lakes Regional Airport
447,Tildy Chiplen,5/7/2018,Flotta Isle Airport
448,Gladys Karchowski,3/12/2020,Graeme Rowley Aerodrome
449,Celinka Guage,7/1/2013,Robin Hood Doncaster Sheffield Airport
450,Yanaton McCrostie,11/14/2021,Samuels Field
451,Elnar Dummer,11/13/2014,Penang International Airport
452,Jerrilee Lumsdale,2/26/2023,Kengtung Airport
453,Derk Wenderoth,11/28/2016,Machu Pichu Airport
454,Edd Sacher,3/30/2014,Mikkeli Airport
455,Madel Osgodby,5/22/2021,Tidjikja Airport
456,Lammond Kitley,10/2/2016,Amílcar Cabral International Airport
457,Weston Westbrook,11/6/2005,Jurien Bay Airport
458,Frankie McGinn,4/8/2008,Columbus Metropolitan Airport
459,Ferguson Teague,4/11/2020,Murtala Muhammed International Airport
460,Davon Dinnington,8/12/2014,Buchanan Field
461,Eleonore Lardnar,7/11/2018,Windsor Airport
462,Gardie Easom,9/19/2014,Taltheilei Narrows Airport
463,Urbain Latek,3/19/2013,Nouadhibou International Airport
464,Sherline Dilnot,10/3/2007,Mbuji Mayi Airport
465,Laurens Lammertz,12/30/2016,La Primavera Airport
466,Farra Frankom,2/10/2013,Lashio Airport
467,Arabele Strass,9/26/2014,Barquisimeto International Airport
468,Brynna Hartman,11/16/2015,Knox County Regional Airport
469,Alex Spincks,12/25/2011,Chautauqua County-Jamestown Airport
470,Seymour Bote,2/22/2011,Zafer Airport
471,Kenna Sherry,9/21/2019,Chitato Airport
472,Fayette Bloodworthe,1/22/2013,Fukushima Airport
473,Carrol Peedell,7/11/2015,Yan'an Ershilipu Airport
474,Ranna Aucourte,4/15/2011,Takotna Airport
475,Katharina Heugel,9/12/2014,Cox's Bazar Airport
476,Shane Chaize,1/31/2021,Bahrain International Airport
477,Lilas Iskower,6/27/2020,Owen Roberts International Airport
478,Ulrich Riha,11/18/2013,Sahand Airport
479,Franciskus Girardin,4/21/2009,Faa'a International Airport
480,Eleanore Jorgensen,3/28/2006,Silva Bay Seaplane Base
481,Kyle Kee,12/7/2012,Casino Airport
482,Waylan Wilkenson,9/3/2023,Bazaruto Island Airport
483,Bendick Battrick,2/5/2009,St. Paul Airport
484,Juli Begbie,3/24/2010,Little Grand Rapids Airport
485,Brew Ende,5/31/2005,Novo Hamburgo Airport
486,Roi Chinge de Hals,5/9/2008,Sanggata/Sangkimah Airport
487,Ediva Shapcote,8/12/2011,Princeville Airport
488,Goldi Poulgreen,3/17/2012,Kirkimbie Station Airport
489,Oliviero Aronowitz,3/24/2018,Nogliki Airport
490,Adiana Auld,6/28/2015,Humberto Ghizzo Bortoluzzi Regional Airport
491,Joya Gathwaite,6/3/2021,Coventry Airport
492,Saloma Parken,2/10/2021,Surat Airport
493,Huntington Janssen,8/7/2007,Resolute Bay Airport
494,Doyle Upward,6/11/2011,Petit Jean Park Airport
495,Addie Eade,1/6/2015,Gerrard Smith International Airport
496,Rosabelle Caroli,3/22/2011,Cherrabah Airport
497,Christye O'Cahsedy,7/7/2021,OR Tambo International Airport
498,Darryl Salling,4/1/2019,Moffett Federal Airfield
499,Burl Offer,6/26/2005,Singleton Airport
500,Harmony Sutherley,10/5/2019,Coolah Airport
501,Kristal Leitch,1/28/2019,Perales Airport
502,Toni Doey,4/7/2017,Billiluna Airport
503,Knox Gibbie,11/29/2016,Wallops Flight Facility Airport
504,Gavrielle Barbosa,8/26/2022,Kadanwari Airport
505,Malcolm Drewry,2/22/2018,Nueva Hesperides International Airport
506,Garrett Moorcraft,1/21/2013,Fort Mcpherson Airport
507,Tate Cooley,8/23/2016,Two Harbors Amphibious Terminal
508,Adler Frichley,4/30/2006,Kokhanok Airport
509,Mindy Trodden,10/30/2008,Kalpowar Airport
510,Teodora Denisevich,10/10/2010,Førde Airport
511,Mirna Gabb,11/6/2015,Long Lellang Airport
512,Freeland Derobert,4/16/2017,Naval Outlying Field Imperial Beach (Ream Field)
513,Hallsy Campany,4/16/2010,Lampedusa Airport
514,Filmer Avramovsky,1/7/2016,Fairmont Hot Springs Airport
515,Arabelle Dallmann,4/5/2010,Dachuan Airport
516,Marcus Coppock.,8/24/2006,Redenção Airport
517,Anatole Newland,8/6/2023,Brownsville South Padre Island International Airport
518,Ramon Tirkin,7/29/2007,Dr.Juan C. Angara Airport
519,Allina Walsham,7/16/2018,Wana Airport
520,Billi Kolushev,7/1/2017,Blackall Airport
521,Ricky Rymmer,3/28/2005,Sármellék International Airport
522,Jamil Eads,2/27/2021,Great Barrier Aerodrome
523,Ginni Popov,5/25/2006,Bob Hope Airport
524,Ondrea Ewan,9/30/2012,Kings Creek Airport
525,Darda Parry,7/22/2020,Narathiwat Airport
526,Catherine Arbuckel,3/7/2016,Ammaroo Airport
527,Gibby De Goey,2/5/2008,Dubois Municipal Airport
528,Hagan Woodyeare,4/25/2019,Kimmirut Airport
529,Magdaia Grunwald,5/23/2008,Camilo Ponce Enriquez Airport
530,Hoebart Podd,9/1/2020,Anderson Regional Airport
531,Niles Clyburn,5/1/2011,Shalz Field
532,Jamill Hairesnape,12/23/2022,Long Akah Airport
533,Yelena Matschuk,10/22/2008,Mahdia Airport
534,Hallie Dell 'Orto,6/1/2018,Bathpalathang Airport
535,Margo Goodinge,4/26/2006,Mahanoro Airport
536,Kakalina Fridd,5/8/2021,Holloman Air Force Base
537,Immanuel Mereweather,12/6/2012,Beira Airport
538,Miguelita MacGinlay,2/13/2021,Victoria River Downs Airport
539,Benny Coulthard,4/19/2019,Edward Bodden Airfield
540,Gonzalo Hedditeh,5/24/2009,Barcelos Airport
541,Dona Timlin,8/18/2018,Latrobe Airport
542,Dulce Larrad,10/5/2018,Santa Barbara Municipal Airport
543,Ardyce Lince,3/31/2016,Storuman Airport
544,Justus Fallow,12/29/2018,Wallal Airport
545,Gerianna Perrins,4/14/2007,Lamerd Airport
546,Audra Malinowski,7/10/2020,Escuela Mariscal Sucre Airport
547,Marcela Olivet,11/8/2019,Keflavik International Airport
548,Douglass Harridge,3/22/2021,Poplar Hill Airport
549,Yard Towll,12/20/2009,Ostafyevo International Airport
550,Aaron Browne,11/13/2013,Chena Hot Springs Airport
551,Thibaud Hartfield,7/14/2015,Vicksburg Municipal Airport
552,Elizabeth Duigenan,10/24/2010,Waynesville-St. Robert Regional Forney field
553,Meg Dowtry,12/23/2019,Bristol Airport
554,Earle Goslin,4/3/2023,Albany International Airport
555,Orazio Corrado,6/7/2014,Hat Yai International Airport
556,Gerek Winslow,4/12/2020,New York Skyports Inc Seaplane Base
557,Janeczka Drohun,11/22/2009,Bradley International Airport
558,Dena Sallan,4/5/2015,Annecy-Haute-Savoie-Mont Blanc Airport
559,Harmony Aldhouse,9/4/2005,Angads Airport
560,Basil Gainsford,12/25/2017,Fort Simpson Airport
561,Gasper O'Kenny,12/31/2022,Sharjah International Airport
562,Guglielmo Anthiftle,3/20/2019,Obbia Airport
563,Lavena Du Pre,11/28/2015,Ville Airport
564,Hilton Armstead,5/26/2021,Andrés Miguel Salazar Marcano Airport
565,Emalia Heighton,5/21/2007,Roi Et Airport
566,Georgie Edwicker,4/21/2007,Angoulême-Brie-Champniers Airport
567,Truman Lockery,5/19/2022,Ford Airport
568,Cyndi Cardwell,3/7/2010,Houma Terrebonne Airport
569,Pietra Strand,9/28/2015,Rajahmundry Airport
570,Hector Bardill,3/25/2006,Casa De Campo International Airport
571,Lavinie Nudde,6/5/2021,Santa Rosa Airport
572,Nester McQuirk,7/20/2013,Muanda Airport
573,Mendie Gibbon,10/29/2013,Carlos Rovirosa Pérez International Airport
574,Kimberli Eynaud,7/24/2019,Moises R. Espinosa Airport
575,Nissy Hannam,3/12/2007,Ituberá Airport
576,Aubrie Jewster,12/22/2016,Santo Pekoa International Airport
577,Marsh Crinage,4/11/2018,LBJ Ranch Airport
578,Lloyd Oldridge,8/22/2007,Sturt Creek Airport
579,Juanita Lakeman,8/19/2018,Yapsiei Airport
580,Hamnet Tilt,9/18/2023,Oum Hadjer Airport
581,Boycie Mulhall,4/17/2019,Mobile Regional Airport
582,Ariana Castagno,2/19/2021,Central Maine Airport of Norridgewock
583,Emmaline Kield,7/13/2014,Vilnius International Airport
584,Bibbye Lehr,5/29/2008,Mandora Airport
585,Tatiana Custance,12/28/2010,Trabzon International Airport
586,Harrietta Veare,10/27/2021,General Manuel Carlos Piar International Airport
587,Kendell Dyett,3/14/2023,Nuguria Airstrip
588,Arv Rabjohn,1/10/2016,Newark Liberty International Airport
589,Jazmin Jones,4/20/2005,Guerrero Negro Airport
590,Kale Rollinshaw,10/22/2022,Majors Airport
591,Katalin Godly,1/6/2008,Muccan Station Airport
592,Tripp Pescud,1/23/2017,Khon Kaen Airport
593,Valentijn MacMenamy,5/9/2020,Aubenas-Ardèche Méridional Airport
594,Shaine Mozzetti,10/11/2006,Red Devil Airport
595,Catina Ithell,3/15/2017,Trent Lott International Airport
596,Kaitlyn O'Lunney,12/25/2017,Monkey Bay Airport
597,Starla Wicher,4/12/2018,Amook Bay Seaplane Base
598,Kellina Abercromby,2/21/2008,Pureni Airport
599,Tad Stiling,7/23/2016,Sligo Airport
600,Doris Oxlade,1/26/2019,Michigan City Municipal Airport
601,Reynolds Acarson,3/4/2015,Jieyang Chaoshan International Airport
602,Zaria Sambidge,8/29/2012,Satna Airport
603,Coleman Giacomazzo,3/3/2006,Manchester Airport
604,Ritchie Ziehm,11/12/2019,Kayseri Erkilet Airport
605,Richy Cansdall,10/13/2007,Prince Sultan Air Base
606,Corette Robeiro,8/13/2010,Turkey Creek Airport
607,Gwendolen Skillanders,4/14/2007,Piatã Airport
608,Agathe Lalevee,5/15/2011,Scammon Bay Airport
609,Chris Crosgrove,11/14/2021,Oriximiná Airport
610,Bunnie MacSweeney,10/3/2012,Bartica A Airport
611,Giuseppe Barlie,9/28/2006,Bannu Airport
612,Tedra Jursch,8/5/2006,Ust-Kuyga Airport
613,Ximenez Jado,9/16/2008,Nanded Airport
614,Elisa Surcombe,2/3/2014,Blaise Diagne International Airport
615,Rena Goudy,1/21/2008,Center Island Airport
616,Aldo Rotherham,3/28/2012,Islas Malvinas Airport
617,Barth Rudgerd,7/14/2015,Princeton Airport
618,Nellie Wigelsworth,2/12/2009,Klawock Airport
619,Briggs Bims,7/4/2016,Coban Airport
620,Oren Gerault,2/12/2005,Barth Airport
621,Vin Batalle,5/23/2017,Kangiqsualujjuaq (Georges River) Airport
622,Maurie Coldridge,11/12/2009,Takaroa Airport
623,Ashley Manneville,4/12/2018,Zenag Airport
624,Shelby Thirwell,2/15/2023,Chickasha Municipal Airport
625,Patrizius Eastwood,12/12/2017,Konge Airport
626,Ker Isacke,12/16/2016,Longjia Airport
627,Nanete McMurty,12/3/2015,Yemelyanovo Airport
628,Elysee Trustrie,11/14/2010,Jiujiang Lushan Airport
629,Care Cliburn,4/20/2015,Charlottesville Albemarle Airport
630,Dean Sallarie,5/11/2020,Dimmit County Airport
631,Justinian Dunton,5/2/2016,Darwaz Airport
632,Edvard Morales,8/19/2022,Norfolk International Airport
633,Adan Ragsdall,2/10/2014,Wagny Airport
634,Trixy Lawdham,11/8/2017,Centralia Municipal Airport
635,Nil Palatino,4/25/2020,Bordj Badji Mokhtar Airport
636,Kali Fontin,1/8/2013,Tehuacan Airport
637,Berne Shields,11/19/2018,Rivne International Airport
638,Tadeo Garaghan,2/21/2021,Cox Field
639,Foss Robbert,1/27/2017,Madison Municipal Airport
640,Torrance Glasscock,10/19/2019,Kongolo Airport
641,Smitty Gearty,6/8/2008,Wewak International Airport
642,Beverie Pinchin,3/24/2015,Dwangwa Airport
643,Thekla Zeplin,8/17/2006,Japura Airport
644,Bennett Shelper,7/8/2018,Yorketown Airport
645,Claire Blann,4/30/2012,Malpensa International Airport
646,Gaspar Mersey,8/15/2006,Malmö Sturup Airport
647,Salaidh Jasiak,7/23/2016,Mazar I Sharif Airport
648,Lewie Brewood,9/24/2021,Akiachak Airport
649,Domenic Brand,7/21/2021,Bardera Airport
650,Dolley Webber,12/9/2020,Camiri Airport
651,Homerus Garraway,11/14/2016,Selebi Phikwe Airport
652,Allyce Reede,1/28/2008,Salima Airport
653,Ban Crown,1/3/2011,Paradise River Airport
654,Trude Gernier,7/11/2021,Lekana Airport
655,Bab Pirazzi,10/1/2011,Manihiki Island Airport
656,Paddy Tenwick,11/15/2006,Koingnaas Airport
657,Aliza Langley,6/29/2019,Shennongjia Hongping Airport
658,Gabey McGeady,8/17/2006,Hefei Luogang International Airport
659,Bobbie Dun,12/24/2020,Simanggang Airport
660,Von Rosingdall,5/29/2023,Barrow Walney Island Airport
661,Lora Dane,9/22/2014,Toulon-Hyères Airport
662,Harman Poetz,10/3/2015,Flin Flon Airport
663,Far Linger,12/9/2005,Sitkinak Airport
664,Rozele Kusick,11/7/2013,Nanyuki Airport
665,Stormie Rydings,5/10/2005,Oki Airport
666,Athena Parks,9/12/2019,Paramillo Airport
667,Michel Blissett,5/24/2013,Bauru Airport
668,Aubert Edgeller,5/26/2010,Oita Airport
669,Brigitte Riehm,12/18/2022,Imperial County Airport
670,Wallis Lafee,8/12/2016,Myitkyina Airport
671,Andee Fagan,11/30/2009,Terapo Airport
672,Venus McKeon,3/26/2006,Pampulha - Carlos Drummond de Andrade Airport
673,Raddy Robertazzi,3/4/2007,Vir Savarkar International Airport
674,Meggi Dunseith,3/24/2007,Siassi Airport
675,Bell Beattie,4/10/2009,Tatakoto Airport
676,Keeley Cale,2/7/2005,General Servando Canales International Airport
677,Mina Krolle,1/16/2017,Jahrom Airport
678,Gabi Brideau,12/25/2006,Presidente João Batista Figueiredo Airport
679,Keri Sonley,3/23/2006,Morobe Airport
680,Sonnnie Furse,9/26/2005,Niue International Airport
681,Ardyce Jelly,2/8/2007,Rubelsanto Airport
682,Bree Moss,2/6/2005,Sidney Municipal Airport
683,Donelle Brind,4/16/2019,Dambulu Oya Tank Seaplane Base
684,Maura Stobbie,4/15/2021,Iboki Airport
685,Shanda Keasy,10/18/2012,Atsinanana Airport
686,Syd Osgordby,4/19/2018,Morawa Airport
687,Hanan Scoterbosh,3/18/2015,Derim Airport
688,Honor Pavlovic,12/10/2013,Paphos International Airport
689,Fairleigh Verdey,1/20/2012,Vandenberg Air Force Base
690,Myrna Hotson,2/6/2009,Upernavik Airport
691,Felice Claisse,4/16/2010,Chengdu Shuangliu International Airport
692,Maddie Witherow,3/25/2009,Navoi Airport
693,Upton Goldbourn,3/27/2021,Center Island Airport
694,Lorain Cooke,1/12/2020,Lviv International Airport
695,Ailyn Korneichik,1/20/2018,Suia-Missu Airport
696,Pablo Bathurst,5/15/2008,Golmud Airport
697,Walker Spavon,11/9/2012,Nis Airport
698,Bruno Swettenham,3/9/2013,Hutchinson County Airport
699,Avrit Fairbourne,10/13/2022,São Tomé International Airport
700,Stefanie Talmadge,7/18/2016,Carrasco International /General C L Berisso Airport
701,Trixie Drew,10/16/2018,Obbia Airport
702,Lucius Fetterplace,2/22/2009,Savusavu Airport
703,Hunfredo Higginbottam,12/29/2013,Toowoomba Wellcamp Airport
704,Burr Roubay,1/31/2006,El Charco Airport
705,Elinore Langshaw,6/14/2011,Travis Air Force Base
706,Mick Osgodby,1/31/2017,Dolpa Airport
707,Edin Lansberry,11/24/2015,Termez Airport
708,Clywd Eplate,2/6/2022,Browns Airport
709,Jared Morrott,8/5/2010,Biju Patnaik Airport
710,Casey Taylot,4/4/2015,Mabaruma Airport
711,Emera Slane,5/30/2018,Excursion Inlet Seaplane Base
712,Kippy Feacham,4/7/2023,Beihai Airport
713,Kendricks Boschmann,2/17/2012,Cluny Airport
714,Angel Ralling,5/23/2014,Dorobisoro Airport
715,Rivkah Bark,1/12/2019,New Castle Airport
716,Quincy Slora,8/2/2017,Vagar Airport
717,Toni Balchin,1/18/2006,Lleida-Alguaire Airport
718,Zacharias Harrop,11/11/2014,Sultan Aji Muhamad Sulaiman Airport
719,Arnold Twentyman,10/11/2022,Cowell Airport
720,Simone Lobb,11/21/2005,Namibe Airport
721,Sisile Eberle,12/12/2021,Rupsi India Airport
722,Arlie Drewitt,9/1/2005,Kivalina Airport
723,Lorain Lints,8/24/2020,Escuela Mariscal Sucre Airport
724,Jannel Raddin,5/21/2017,Libertador Gral D Jose De San Martin Airport
725,Meggi Websdale,3/30/2007,Cataratas Del Iguazú International Airport
726,Victoria Crady,7/25/2020,Donoi Airport
727,Helaina Lorente,7/10/2010,Lake Cumberland Regional Airport
728,Roberto Nasey,3/3/2016,Ratnagiri Airport
729,Stephanus McMeyler,9/3/2020,Tongren Fenghuang Airport
730,Esme Lambie,7/8/2009,Ain el Beida Airport
731,Artur Branscombe,8/31/2015,Momote Airport
732,Kalvin Shewon,10/6/2023,Rochefort-Saint-Agnant (BA 721) Airport
733,Temple Mattke,8/18/2019,John C. Munro Hamilton International Airport
734,Melloney Gonet,5/10/2016,Cutral-Co Airport
735,Zonnya Castanie,2/11/2021,Northwest Alabama Regional Airport
736,Lorie Mackerness,9/21/2020,Gisenyi Airport
737,Dora Beavers,2/21/2009,Corn Island
738,Billie Millgate,6/2/2014,Teuku Cut Ali Airport
739,Nadia Greetland,7/13/2017,Middle Georgia Regional Airport
740,Gasper Rutherfoord,12/28/2013,Presidente Juscelino Kubistschek International Airport
741,Matthias Josovich,12/5/2011,Bielefeld Airport
742,Dalt Simons,7/31/2011,Chuuk International Airport
743,Inga Jimes,5/20/2019,San Fernando Airport
744,Priscella Renish,5/29/2010,Juana Azurduy De Padilla Airport
745,Breena Radke,12/4/2016,Reykhólar Airport
746,Trent Wildt,5/24/2021,Tikehau Airport
747,Gaspar St Ledger,8/6/2009,Mulga Park Airport
748,Ajay Lawey,12/4/2018,Gomel Airport
749,Donelle Wileman,4/7/2019,Poplarville Pearl River County Airport
750,Ofella Leathley,11/14/2007,Arctic Bay Airport
751,Jonathan Tozer,6/18/2008,Quakertown Airport
752,Jermaine Ormshaw,3/6/2014,Akita Airport
753,Reece Shanks,7/20/2019,Sumburgh Airport
754,Madelaine Shearsby,5/9/2008,Bogande Airport
755,Debbi Greenleaf,2/7/2010,RAF Alconbury
756,Lauri Wharby,10/16/2010,Aiken Regional Airport
757,Homere Heaselgrave,12/29/2009,Big Lake Airport
758,Marcie Baistow,7/25/2010,OR Tambo International Airport
759,Myranda Tenwick,5/24/2021,Notodden Airport
760,Ardra Wildgoose,3/23/2007,Santa Cruz del Quiche Airport
761,Phil Samways,1/20/2017,Nambaiyufa Airport
762,Gordy Bacop,12/6/2020,Eisenach-Kindel Airport
763,Tallie Balcock,7/3/2016,Cagliari Elmas Airport
764,Jocko Stanworth,4/24/2015,Manila Municipal Airport
765,Jobyna Ugoni,5/6/2017,Shreveport Downtown Airport
766,Silva Doey,8/21/2007,Lifou Airport
767,Ranique Davidsson,11/20/2013,Placerville Airport
768,Martina Pond,6/21/2010,Port Allen Airport
769,Aigneis Mallinar,8/8/2012,Wayne County Airport
770,Solly Vasechkin,6/11/2008,Sioux Lookout Airport
771,Odell Abramowitz,10/17/2010,Ngjiva Pereira Airport
772,Mal Klaessen,9/20/2021,Suavanao Airport
773,Daniel Esch,1/24/2018,Nakhon Si Thammarat Airport
774,Boigie Welberry,1/14/2021,Nadym Airport
775,Ambrose Shemwell,3/18/2020,Salina Cruz Naval Air Station
776,Vinson Klessmann,11/9/2022,Joshua Mqabuko Nkomo International Airport
777,Ania Chessel,7/4/2012,Kasese Airport
778,Tucky Muzzi,9/17/2023,Tatakoto Airport
779,Savina Chretien,1/23/2009,Fontaine Airport
780,Goldie Dingate,1/28/2010,Wilhelmshaven-Mariensiel Airport
781,Davin Fear,2/6/2015,Scottsdale Airport
782,Porter Pillinger,2/21/2022,AJ Eisenberg Airport
783,Aristotle Fury,7/29/2023,Santa Bárbara de Barinas Airport
784,Janka Brunger,11/4/2014,Chinggis Khaan International Airport
785,Jillene Gobell,6/4/2015,Gazipaşa Airport
786,Arabel Trinke,6/20/2019,Jundah Airport
787,Bailie Mouton,4/7/2006,Selfridge Air National Guard Base Airport
788,Feodor Legg,12/22/2010,Imperial County Airport
789,Angelita Hince,6/10/2022,Guanare Airport
790,Brian Farguhar,5/30/2015,Jumla Airport
791,Sonni Gronaver,6/23/2020,Düsseldorf Airport
792,Merna Tingcomb,5/31/2022,Halliburton Field
793,Tabatha Hasluck,3/5/2022,Doutor Heráclito da Motta Luiz Airport
794,Honor Gower,6/18/2021,Manila Municipal Airport
795,Zerk Haberjam,4/24/2009,Thief River Falls Regional Airport
796,Amabel Zannotti,9/14/2019,Karratha Airport
797,Jake Cowden,8/30/2008,Qeqertaq Heliport
798,Frasier Iiannone,7/7/2013,Beletwene Airport
799,Yank Zorzi,11/30/2012,Mörön Airport
800,Loria Dunkerley,9/4/2013,Bo Airport
801,Lettie Skellington,12/29/2012,Pau Pyrénées Airport
802,Livvyy Clissett,5/19/2023,Karawari Airstrip
803,Ferrel Shepcutt,6/1/2012,Houari Boumediene Airport
804,Demetrius Guerola,1/1/2016,Searle Field
805,Alysa Byforth,7/19/2019,Gamal Abdel Nasser Airport
806,Ashien Sugge,7/13/2015,Faya Largeau Airport
807,Clarine Thaw,1/13/2009,Jaipur International Airport
808,Rutherford Abramov,4/8/2014,Jesús Terán Paredo International Airport
809,Matelda Jacobs,5/24/2009,Springvale Airport
810,Merry Sorby,2/16/2011,Quakertown Airport
811,Phip Venturoli,4/22/2022,Ballera Airport
812,Jordain Trenchard,9/18/2006,Lady Franklin Point Airport
813,Rodd Formoy,12/24/2010,Clinton Regional Airport
814,Mala Newburn,4/22/2007,Karratha Airport
815,Leroi Huglin,6/11/2014,Pouso Alegre Airport
816,Munroe Moulsdale,7/2/2014,Eloy Alfaro International Airport
817,Karen Whipp,1/8/2012,Dr Ferdinand Lumban Tobing Airport
818,Barb Abbott,4/2/2020,Santiago de Compostela Airport
819,Mac Autie,11/13/2011,Stroud Municipal Airport
820,Caty Gorges,8/16/2016,Tanjung Harapan Airport
821,Dorian Keddey,6/21/2008,Suria Airport
822,Nealson Coatman,4/4/2015,Melilla Airport
823,Tybie Gornall,2/27/2019,Central Jersey Regional Airport
824,Nike Grattan,6/13/2014,Saratov Central Airport
825,Alexander Bygate,7/2/2015,Eindhoven Airport
826,Rhea Minihane,7/16/2023,Brussels Airport
827,Rodrique Rilton,8/22/2021,Mokuti Lodge Airport
828,Elvira Di Francesco,4/26/2008,London Heathrow Airport
829,Erica Paxman,3/7/2014,Wipim Airport
830,Savina Winship,10/30/2017,University of Illinois Willard Airport
831,Hendrika Eastup,9/26/2018,Loring Seaplane Base
832,Emmie Arnopp,2/7/2013,Lianshulu Airport
833,Elmo Bonass,3/4/2008,Gloucestershire Airport
834,Erl Lanphere,10/8/2023,Unalaska Airport
835,Ruy Terney,2/11/2013,Iloilo International Airport
836,Gifford Roft,1/28/2013,Rebun Airport
837,Iggie Moens,4/12/2008,Marshall Army Air Field
838,Ola Spataro,4/19/2014,Grantsburg Municipal Airport
839,Tandi Rickhuss,5/29/2010,Kokkola-Pietarsaari Airport
840,Belvia Roblou,10/12/2011,Anthony Lagoon Airport
841,Tyrus McLardie,6/25/2006,Avenger Field
842,Aldridge Steckings,5/31/2006,RAF Wyton
843,Donnie O' Brian,8/23/2016,Telêmaco Borba Airport
844,Alisander Kleehuhler,6/15/2010,Eaker Field
845,Eran O'Daly,1/10/2020,Lake Macquarie Airport
846,Andrea Morgan,2/10/2007,Zanjan Airport
847,Bevvy Ginnelly,6/18/2012,Syros Airport
848,Merrily Jeaycock,10/6/2007,Nomad River Airport
849,Lissie Dunsmore,11/10/2015,Talolqan Airport
850,Ula Dane,4/17/2005,Petersburg James A Johnson Airport
851,Lanny Chaves,8/31/2015,Geneina Airport
852,Tanner Bisacre,5/25/2008,Los Angeles International Airport
853,Dania Levecque,10/1/2010,Karonga Airport
854,Johann Ingree,12/21/2011,Turkmenabat Airport
855,Osborne Ankers,5/18/2015,General Roberto Fierro Villalobos International Airport
856,Gaelan Vinau,3/21/2009,Wabag Airport
857,Gothart Gurley,11/27/2008,Capitán FAP Renán Elías Olivera International Airport
858,Ulrike Bichener,1/2/2013,Kannur International Airport
859,Correy Haverson,9/12/2016,Cabo Frio Airport
860,Abbi Tyson,10/17/2007,Memorial Field
861,Ermengarde Clayworth,8/23/2006,Deniliquin Airport
862,Engelbert Waddington,3/4/2020,Novo Aripuanã Airport
863,Kev Hehl,2/20/2014,Žilina Airport
864,Malvin Walling,10/24/2011,Circle City /New/ Airport
865,Cayla Harses,6/1/2013,Mano Dayak International Airport
866,Ginnie Trodler,2/26/2005,Vava'u International Airport
867,Jeralee Rasp,2/6/2009,Greater Kankakee Airport
868,Teressa Harwin,3/30/2016,Scholes International At Galveston Airport
869,Gustav Pache,7/8/2005,Bandon State Airport
870,Abra Bizley,11/14/2005,Menyamya Airport
871,Cindy Maudlin,8/31/2012,Mitchell Airport
872,Trista Aleshkov,1/17/2016,Sterling Municipal Airport
873,Dode Botright,3/26/2015,Lok Nayak Jayaprakash Airport
874,Ricky Grimshaw,5/31/2007,Enrique Malek International Airport
875,Frank Bywater,9/23/2012,Tartu Airport
876,Delcine Pettitt,6/23/2008,Milas Bodrum International Airport
877,Alexina Prince,3/19/2011,Santos Dumont Airport
878,Tabor Gricewood,8/29/2020,Van Ferit Melen Airport
879,Dinah Milne,3/5/2009,Cauayan Airport
880,Licha Dunkinson,8/22/2012,Wangaratta Airport
881,Melonie Clymo,1/11/2005,Astana International Airport
882,Kaitlin Peeters,11/24/2008,Palm Beach County Glades Airport
883,Sissy Cortez,4/16/2008,Kenai Municipal Airport
884,Nicolais Phillip,10/7/2011,Malolo Lailai Island Airport
885,Theodora Sergent,10/5/2023,Marsa Brega Airport
886,Alvis Rollo,11/2/2010,AJ Eisenberg Airport
887,Eward Perett,1/22/2021,Ekwok Airport
888,Melony De Avenell,12/11/2019,Mocopulli Airport
889,Philippa Tearny,7/14/2016,Aklavik/Freddie Carmichael Airport
890,Antoni MacAfee,5/20/2008,Puerto Leda Airport
891,Carmen Kewish,12/8/2008,Voinjama Airport
892,Manolo Housby,12/7/2006,Independence Airport
893,Adam Adamides,3/30/2015,Tokeen Seaplane Base
894,Sven Slayton,3/25/2016,Preston Airport
895,Leigh Kennler,12/22/2010,Mulga Park Airport
896,Evyn Edmonstone,5/4/2015,Mountain Home Air Force Base
897,Conney Henriques,9/24/2014,Nyngan Airport
898,Yoshiko MacSherry,1/16/2019,Sungei Tekai Airport
899,Farris Penddreth,5/15/2012,Spangdahlem Air Base
900,Marjie Dobney,6/12/2007,Stavanger Airport Sola
901,Nikos Gerbel,9/11/2009,Ambohibary Airport
902,Elisabet Gower,1/9/2020,Usina Mandu Airport
903,Sadella Clavey,11/1/2009,Luzamba Airport
904,Frederick Whitehorne,12/5/2018,Pulau Panjang Airport
905,Blithe Dunbleton,10/24/2017,Busselton Regional Airport
906,Marcile Misselbrook,12/18/2019,Berbérati Airport
907,Regan Adamovitz,6/11/2021,Brindisi – Salento Airport
908,Pyotr Glanester,2/20/2019,Tunta Airport
909,Desmund Snewin,10/22/2011,Narathiwat Airport
910,Giuseppe Sarfati,10/2/2023,RAF Kinloss
911,Nevil Bischop,1/30/2023,Jackson Hole Airport
912,Talya Hebborne,8/24/2007,Tokat Airport
913,Ajay Beverage,8/6/2012,Churchill Falls Airport
914,Micky Garlinge,8/17/2006,Dahlgren Naval Surface Warfare Center Airport
915,Kamilah Collocott,6/6/2021,Circle City /New/ Airport
916,Dar Draijer,8/25/2009,Hayman Island Resort Seaplane Base
917,Elvera Pozer,11/21/2019,Zaraza Airport
918,Tabbatha Seyfart,6/6/2011,Taftan Airport
919,Gerick Jahndel,2/15/2008,Wycombe Air Park
920,Vonnie Nangle,3/19/2012,Keokuk Municipal Airport
921,Petronille Guerin,1/11/2018,Auburn University Regional Airport
922,Fredia Pennells,8/13/2021,Craiova Airport
923,Kristina Fehely,2/11/2011,Tarfaya Airport
924,Vivi Bleeze,12/8/2007,Şanlıurfa GAP Airport
925,Bill Millott,12/2/2011,San Blas Airport
926,Kelila Lusted,3/5/2008,Mae Hong Son Airport
927,Reg Rathmell,7/20/2010,Humberto Ghizzo Bortoluzzi Regional Airport
928,Sarajane Jelkes,1/3/2011,Limon International Airport
929,Chad Chansonnau,7/1/2009,Gagnoa Airport
930,Magdaia Poxson,3/5/2011,Blackpool International Airport
931,Rollins Brando,8/19/2014,Soewondo Air Force Base
932,Elfie Farquar,6/19/2018,Matsu Nangan Airport
933,Heather Scotchmoor,4/15/2021,Las Cruces Airport
934,Ellery Vickery,9/12/2006,Blanding Municipal Airport
935,Alyda Burrill,11/8/2014,Port Heiden Airport
936,Suellen Scoular,2/9/2006,Rehoboth Airport
937,Pierce Skudder,6/9/2015,Salem Airport
938,Corabella Perren,8/3/2019,Piedras Negras International Airport
939,Gothart Diess,1/30/2012,Blythe Airport
940,Perle Kennifeck,1/13/2006,Gostomel Airport
941,Kinna Leale,2/25/2021,Fane Airport
942,Lowrance Dicker,4/25/2020,Tabuaeran Island Airport
943,Aime Dutson,8/23/2022,Yegepa Airport
944,Care Newey,9/29/2020,Amami Airport
945,Sophi Meaton,4/9/2020,Odessa International Airport
946,Doralin Yardy,1/9/2012,Captain Rogelio Castillo National Airport
947,Grata Pickton,8/24/2015,Stenkol Airport
948,Webster Vanne,7/28/2005,Sunan Shuofang International Airport
949,Verne McKeevers,8/11/2010,Soekarno-Hatta International Airport
950,Cecilla Kinlock,6/5/2020,Lockhart River Airport
951,Zacharie Allderidge,12/12/2005,Oktyabrskiy Airport
952,Amery Alexsandrowicz,6/21/2014,Purdue University Airport
953,Louis Blader,4/22/2012,Kakhnovka Airfield
954,Schuyler Pinches,11/13/2020,Husein Sastranegara International Airport
955,Caz Stolle,11/6/2021,Mulia Airport
956,Sandor Virgin,1/13/2013,Corumbá International Airport
957,Fremont Chaundy,10/7/2018,Dakhla Airport
958,Huntlee Meiner,7/14/2009,Trincomalee Harbor Waterdrome
959,Edi Heimann,2/2/2008,Oram Airport
960,Augustine Heinemann,9/17/2011,Keningau Airport
961,Archer Mounsey,9/15/2019,London Biggin Hill Airport
962,Kristina Ambrosi,6/7/2023,Reykjavik Airport
963,Morna Mordecai,6/22/2020,Zhoushan Airport
964,Vite Gavan,5/10/2014,Bassel Al-Assad International Airport
965,Orin Bodemeaid,4/23/2011,Togiak Airport
966,Titos Ughini,3/19/2006,Mabuiag Island Airport
967,Liana Bilton,2/8/2023,Pakhokku Airport
968,Phillie Hearley,7/13/2021,Tokachi-Obihiro Airport
969,Clemmy Higounet,4/16/2010,Tuguegarao Airport
970,Romonda Troctor,4/1/2010,Mount Gunson Airport
971,Claudetta Slayny,11/1/2010,Wagga Wagga City Airport
972,Tallulah Junkinson,12/31/2010,Chennault International Airport
973,Aldridge Kerfod,4/27/2020,"Sandefjord Airport, Torp"
974,Kellen Sleet,4/20/2005,Beni Airport
975,Monika Whittaker,8/25/2018,Humera Airport
976,Rosemarie Parmer,10/21/2023,Borama Airport
977,Kial Stanes,6/2/2014,Senador Nilo Coelho Airport
978,Irma Aguirrezabala,4/29/2010,RAF Waddington
979,Inger Karpov,1/12/2023,Bajhang Airport
980,Keslie Grafton,7/1/2005,Seal Bay Seaplane Base
981,Carol Stuckley,8/12/2021,Clarksville–Montgomery County Regional Airport
982,Zollie MacGilmartin,1/5/2008,King Abdulaziz Air Base
983,Siegfried Carik,2/26/2015,RAF Benson
984,Nicolina Heatherington,4/28/2006,Flugplatz Güttin / Rügen
985,Joseito Pynn,8/24/2020,Lethem Airport
986,Evvie Furney,8/2/2022,Iturup Airport
987,Isa Glede,1/22/2018,Sambu Airport
988,Randal Nickolls,10/13/2005,Neumünster Airport
989,Shannah Cumine,8/9/2016,Mumias Airport
990,Randi Bilsland,3/12/2005,Changzhou Benniu Airport
991,Gisella Rycraft,11/1/2007,Professor Urbano Ernesto Stumpf Airport
992,Aldin Erie,5/13/2021,Gurney Airport
993,Victoir Rugg,10/24/2019,Kuujjuarapik Airport
994,Adi Quenby,3/3/2008,Abdul Rachman Saleh Airport
995,Molly Pye,11/3/2014,Matsumoto Airport
996,Gherardo Dey,8/1/2009,Leron Plains Airport
997,Beaufort Doy,6/3/2005,Mocímboa da Praia Airport
998,Melisandra Manginot,7/1/2022,Leribe Airport
999,Kevyn Rudolfer,1/23/2007,Tangshan Sannühe Airport
1000,Jaquith Reyes,8/3/2005,Bryce Canyon Airport
